locus_uid,site_uid,nom_site
LO000168P,SI000134I,5' (GAAA)SUBn/SUB tetranucleotide STRP
LO000168P,SI000137L,EcoRI
LO000168P,SI000138M,exon 7 Ser311Cys
LO000171J,SI000182L,3-site haplotype (Alu; HinfI; TaqI)
LO000199T,SI000245L,2-site haplotype (XbaI; EcoRI)
LO000204G,SI000171J,C/T -148 (HindIII)
LO000204G,SI000172K,G/A +448 (MnlI)
LO000205H,SI000364N,SNP1-ACE
LO000206I,SI000176O,G/A +252
LO000206I,SI000177P,C/T +491
LO000206I,SI000178Q,C/A +523
LO000206I,SI000366P,SNP3-ADRB2
LO000209L,SI000246M,3-site haplotype (HindIII; HincII; TaqI)
LO000214H,SI000202E,D3S1262 dinucleotide STRP
LO000215I,SI000203F,D3S1263 dinucleotide STRP
LO000216J,SI000204G,D3S1266 dinucleotide STRP
LO000217K,SI000205H,D3S1267 dinucleotide STRP
LO000218L,SI000206I,D3S1271 dinucleotide STRP
LO000222G,SI000210D,D3S1285 dinucleotide STRP
LO000224I,SI000212F,D3S1292 dinucleotide STRP
LO000225J,SI000213G,D3S1297 dinucleotide STRP
LO000227L,SI000252J,3-site haplotype (5' 120 bp duplication; upstream 5' UTR; promoter 5' CT -521)
LO000228M,SI000238N,intron 5 XbaI
LO000228M,SI000239O,intron 3 StuI
LO000237M,SI000258P,A/G supI8-83/sup
LO000253K,SI000289T,D9S249 tetranucleotide STRP
LO000258P,SI000294P,HRAS tetranucleotide STRP
LO000259Q,SI000483P,RsaI
LO000259Q,SI000485R,HphI
LO000259Q,SI000486S,D1472H
LO000259Q,SI000488U,KpnI
LO000298T,SI000559T,HBB
LO000300D,SI000368R,SNP5-AHR
LO000300D,SI000369S,T132C
LO000300D,SI000370K,SNP7-AHR
LO000301E,SI000375P,SNP12-CHRM1
LO000301E,SI000376Q,SNP13-CHRM1
LO000302F,SI000380L,SNP17-CHRM3
LO000302F,SI000381M,SNP18-CHRM3
LO000303G,SI000382N,SNP19-CYP1A2
LO000303G,SI000385Q,SNP22-CYP1A2
LO000304H,SI000387S,Ile359Leu
LO000305I,SI000389U,G12A
LO000306J,SI000394Q,His139Arg
LO000306J,SI000395R,Tyr113His
LO000307K,SI000396S,SNP33-HNMT
LO000307K,SI000397T,SNP34-HNMT
LO000309M,SI000400E,SNP37-KLK2
LO000309M,SI000401F,SNP38-KLK2
LO000309M,SI000402G,SNP39-KLK2
LO000311F,SI000405J,Arg197Gln
LO000311F,SI000407L,Gly286Glu
LO000311F,SI000408M,Ile114Thr
LO000324J,SI000480M,2-site haplotype (exon 7 Ile462Val ; T6235C)
LO000330G,SI000493Q,PGP
LO000331H,SI000494R,D12S67
LO000335L,SI000499W,CAT
LO000336M,SI000500F,TF
LO000338O,SI000642M,G6PD
LO000339P,SI000615M,PGM1
LO000368R,SI000620I,ORM1
LO000369S,SI000627P,AHSG
LO000370K,SI000650L,C6
LO000376Q,SI000562N,CP
LO000391N,SI000598W,GPT
LO000392O,SI000638R,C3
LO000393P,SI000602I,5' MseI
LO000393P,SI000604K,intron 1 DdeI
LO000393P,SI000608O,intron 4 MspI
LO000401F,SI000568T,DXS548 Dinucleotide Repeat (version 1)
LO000403H,SI000371L,SNP8-CATS
LO000403H,SI000372M,A521G
LO000403H,SI000374O,SNP11-CATS
LO002753R,SI000365O,SNP2-ACE
LO003075P,SI000249P,21bp Ins/Del
